epoch,accuracy
1,0.9997449630196379
2,0.9996174445294568
3,0.9996174445294568
4,0.9997449630196379
5,0.9997449630196379
6,0.9997449630196379
7,0.9997449630196379
8,0.9996174445294568
9,0.9996174445294568
10,0.9996174445294568
