Epoch,Training Loss,Validation Loss
1,0.2505496022195575,0.022712414695008665
2,0.0002475705329508259,0.02538028243967953
3,8.004656560444453e-05,0.02720278790037832
4,3.799044543021259e-05,0.028600369399699534
5,2.1336021934748086e-05,0.029799580923222456
6,1.3153691137976074e-05,0.03083477363022796
