epoch,accuracy
1,0.9979597041571028
2,0.9979597041571028
3,0.9980872226472839
4,0.9980872226472839
5,0.9980872226472839
6,0.9980872226472839
