Epoch,Batch,Training Loss
1,25,0.6844214200973511
1,50,0.6703762412071228
1,75,0.6524527072906494
1,100,0.6292372345924377
1,125,0.602713942527771
1,150,0.5719920992851257
1,175,0.5401923656463623
1,200,0.5132099390029907
1,225,0.48245710134506226
