Epoch,Training Loss,Validation Loss
1,0.5944790234410666,0.4522425200669996
