epoch,accuracy
1,0.9987248150981892
2,0.9987248150981892
3,0.9987248150981892
4,0.9987248150981892
5,0.9987248150981892
6,0.9987248150981892
