Fold,Epoch,Training Loss,Validation Loss
1,1,0.0590210481609034,0.01710268121393864
