Epoch,Training Loss,Validation Loss
1,2.0797147780033716,0.8304678378911222
