epoch,accuracy
1,0.9992348890589136
2,0.9991073705687324
3,0.9991073705687324
4,0.9991073705687324
5,0.9991073705687324
6,0.9992348890589136
7,0.9991073705687324
8,0.9991073705687324
