epoch,accuracy
1,0.9968120377454731
2,0.9977046671767407
3,0.9974496301963784
4,0.9988523335883703
5,0.9975771486865596
