Fold,Epoch,Training Loss,Validation Loss
1,0,0.07137130538057697,0.027205022406629656
