epoch,accuracy
1,0.9997449630196379
2,0.9997449630196379
3,0.9997449630196379
4,0.9997449630196379
5,0.9997449630196379
6,0.9996174445294568
7,0.9996174445294568
8,0.9994899260392757
9,0.9996174445294568
10,0.9996174445294568
11,0.9997449630196379
12,0.9997449630196379
13,0.9997449630196379
14,0.9997449630196379
15,0.9997449630196379
16,0.9997449630196379
