epoch,accuracy
1,0.9997449630196379
2,0.9997449630196379
3,0.9996174445294568
4,0.9996174445294568
5,0.9997449630196379
6,0.9997449630196379
