epoch,accuracy
1,0.9996174445294568
2,0.9996174445294568
3,0.9994899260392757
4,0.9994899260392757
5,0.9996174445294568
6,0.9996174445294568
