epoch,accuracy
1,0.9996174445294568
2,0.9996174445294568
3,0.9996174445294568
4,0.9996174445294568
5,0.9996174445294568
6,0.9996174445294568
