Fold,Epoch,Training Loss,Validation Loss
1,1,0.0740932273174589,0.024245599371071926
