epoch,accuracy
1,0.9993624075490947
2,0.9993624075490947
3,0.9993624075490947
4,0.9993624075490947
5,0.9993624075490947
6,0.9993624075490947
