epoch,accuracy
1,0.9571537872991583
2,0.9857179290997194
3,0.9961744452945677
4,0.9497577148686559
5,0.9912012241775058
6,0.9931140015302219
7,0.9871206324917113
8,0.995026778882938
