epoch,accuracy
1,0.9996174445294568
2,0.9996174445294568
3,0.9996174445294568
4,0.9997449630196379
5,0.9996174445294568
6,0.9997449630196379
7,0.9997449630196379
8,0.9997449630196379
9,0.9997449630196379
10,0.9997449630196379
11,0.9996174445294568
12,0.9997449630196379
