Fold,Epoch,Training Loss,Validation Loss
1,1,0.01820620745042299,0.0016092371037499003
