epoch,accuracy
1,0.26332568222392244
2,0.2668961999489926
3,0.2744197908696761
4,0.27531242030094366
5,0.28105075235909205
6,0.28219841877072177
