epoch,accuracy
1,0.9755164498852333
2,0.9756439683754144
3,0.9771741902575873
4,0.9761540423361388
5,0.976536597806682
6,0.9774292272379494
7,0.9767916347870441
8,0.9764090793165009
9,0.9775567457281306
10,0.9773017087477684
