Fold,Epoch,Training Loss,Validation Loss
1,0,0.06576172024149814,0.01894569167698489
