epoch,accuracy
1,0.9997449630196379
2,0.9997449630196379
3,0.9997449630196379
4,0.9997449630196379
5,0.9997449630196379
6,0.9997449630196379
7,0.9997449630196379
8,0.9997449630196379
