Fold,Epoch,Batch,Training Loss,Validation Loss
1,0,20,0.1699087901950392,1.1080283053963318
1,0,40,0.08500542602181368,1.7923994533067416
1,0,60,0.05668927767547487,1.9329863552460622
