epoch,accuracy
1,0.9943891864320327
2,0.9969395562356542
3,0.9980872226472839
4,0.995026778882938
5,0.9989798520785514
