epoch,accuracy
1,0.9994899260392757
2,0.9994899260392757
3,0.9996174445294568
4,0.9996174445294568
5,0.9996174445294568
6,0.9996174445294568
7,0.9996174445294568
8,0.9996174445294568
9,0.9996174445294568
10,0.9996174445294568
11,0.9996174445294568
12,0.9996174445294568
13,0.9996174445294568
14,0.9996174445294568
15,0.9996174445294568
