Fold,Epoch,Training Loss,Validation Loss
1,1,0.07459340900399289,0.02609636197663282
