Epoch,Training Loss,Validation Loss
1,0.033134240125059465,0.0010222604098993442
