Fold,Epoch,Training Loss,Validation Loss
1,1,0.1369512729757085,0.045983260320101214
