Fold,Epoch,Training Loss,Validation Loss
1,0,0.06797595068191171,0.05391889268934514
