epoch,accuracy
1,0.9997449630196379
2,0.9996174445294568
3,0.9997449630196379
4,0.9996174445294568
5,0.9996174445294568
6,0.9996174445294568
7,0.9996174445294568
8,0.9996174445294568
