epoch,accuracy
1,0.4394287171639888
2,0.4563886763580719
3,0.4473348635552155
4,0.44440193828105073
5,0.4563886763580719
6,0.4567712318286152
