Fold,Epoch,Training Loss,Validation Loss
1,1,0.03322882823733217,0.0012275640209738446
