Epoch,Training Loss,Validation Loss
1,0.14656243007548608,0.013566790018535911
2,8.612716988278785e-05,0.014836502775893693
3,3.1202077185454145e-05,0.01578251160734782
4,1.545632537129838e-05,0.016531778069233914
5,8.887239829680973e-06,0.017126665694262543
6,5.562677285919389e-06,0.017630909121938505
