epoch,accuracy
1,0.9984697781178271
2,0.9984697781178271
3,0.9984697781178271
4,0.9984697781178271
5,0.9984697781178271
6,0.9984697781178271
