Fold,Epoch,Batch,Training Loss,Validation Loss
1,0,20,0.19939012516770163,1.6321142108273308
1,0,40,0.09969561767931898,2.1021841883686414
1,0,60,0.06646374513372709,2.4420279383659365
